Workbook

Sheet OEE_Diario
A1: Base simulada de OEE diario – MYPE peruana de agua de mesa – línea de bidones de 20 L
A2: Datos sintéticos para fines académicos. Periodo: 01/01/2026–30/06/2026. L–V: 6 h; sábado: 4 h; domingos y feriados excluidos. Salida promedio: ~300 bidones/día (L–V).
A3: Cada fila representa una estación del proceso en un día de trabajo. Las tres estaciones procesan el mismo flujo: los bidones conformes de E1 entran a E2 y los de E2 entran a E3. Parámetros y catálogo de causas en la hoja Parametros.
A5: Fecha | B5: Mes_Num | C5: Estacion_ID | D5: Estacion | E5: Tiempo_Turno_h | F5: Parada_Planificada_h | G5: Tiempo_Planificado_h | H5: Parada_No_Planificada_h | I5: Tiempo_Operativo_h | J5: Causa_Parada_No_Planificada | K5: Capacidad_Nominal_bidones_h | L5: Produccion_Teorica_bidones | M5: Bidones_Procesados | N5: Bidones_Conformes | O5: Bidones_No_Conformes | P5: Disponibilidad_pct | Q5: Rendimiento_pct | R5: Calidad_pct | S5: OEE_pct
A6: 46024 | B6: =MONTH($A6) -> 1 | C6: 1 | D6: =INDEX(Parametros!$B$16:$B$18,MATCH($C6,Parametros!$A$16:$A$18,0)) -> E1 - Lavado y sanitizado de bidones | E6: =IF(WEEKDAY($A6,2)<6,Parametros!$B$21,Parametros!$B$22) -> 6 | F6: 0.5 | G6: =E6-F6 -> 5.5 | H6: 0.75 | I6: =G6-H6 -> 4.75 | J6: Falta de bidones vacíos (retorno de reparto) | K6: =INDEX(Parametros!$C$16:$C$18,MATCH($C6,Parametros!$A$16:$A$18,0)) -> 100 | L6: =I6*K6 -> 475 | M6: 360 | N6: 354 | O6: =M6-N6 -> 6 | P6: =IFERROR(I6/G6,0) -> 0.86363636 | Q6: =IFERROR(M6/L6,0) -> 0.75789474 | R6: =IFERROR(N6/M6,0) -> 0.98333333 | S6: =P6*Q6*R6 -> 0.64363636
A7: 46024 | B7: =MONTH($A7) -> 1 | C7: 2 | D7: =INDEX(Parametros!$B$16:$B$18,MATCH($C7,Parametros!$A$16:$A$18,0)) -> E2 - Llenado y tapado | E7: =IF(WEEKDAY($A7,2)<6,Parametros!$B$21,Parametros!$B$22) -> 6 | F7: 0.75 | G7: =E7-F7 -> 5.25 | H7: 0.25 | I7: =G7-H7 -> 5 | J7: Falta de tapas o precintos | K7: =INDEX(Parametros!$C$16:$C$18,MATCH($C7,Parametros!$A$16:$A$18,0)) -> 95 | L7: =I7*K7 -> 475 | M7: 354 | N7: 350 | O7: =M7-N7 -> 4 | P7: =IFERROR(I7/G7,0) -> 0.95238095 | Q7: =IFERROR(M7/L7,0) -> 0.74526316 | R7: =IFERROR(N7/M7,0) -> 0.98870056 | S7: =P7*Q7*R7 -> 0.70175439
A8: 46024 | B8: =MONTH($A8) -> 1 | C8: 3 | D8: =INDEX(Parametros!$B$16:$B$18,MATCH($C8,Parametros!$A$16:$A$18,0)) -> E3 - Sellado y etiquetado | E8: =IF(WEEKDAY($A8,2)<6,Parametros!$B$21,Parametros!$B$22) -> 6 | F8: 0.25 | G8: =E8-F8 -> 5.75 | H8: 0.25 | I8: =G8-H8 -> 5.5 | J8: Falta de tapas o precintos | K8: =INDEX(Parametros!$C$16:$C$18,MATCH($C8,Parametros!$A$16:$A$18,0)) -> 95 | L8: =I8*K8 -> 522.5 | M8: 350 | N8: 347 | O8: =M8-N8 -> 3 | P8: =IFERROR(I8/G8,0) -> 0.95652174 | Q8: =IFERROR(M8/L8,0) -> 0.66985646 | R8: =IFERROR(N8/M8,0) -> 0.99142857 | S8: =P8*Q8*R8 -> 0.63524027
A9: 46025 | B9: =MONTH($A9) -> 1 | C9: 1 | D9: =INDEX(Parametros!$B$16:$B$18,MATCH($C9,Parametros!$A$16:$A$18,0)) -> E1 - Lavado y sanitizado de bidones | E9: =IF(WEEKDAY($A9,2)<6,Parametros!$B$21,Parametros!$B$22) -> 4 | F9: 0.75 | G9: =E9-F9 -> 3.25 | H9: 0.25 | I9: =G9-H9 -> 3 | J9: Avería de lavadora de bidones | K9: =INDEX(Parametros!$C$16:$C$18,MATCH($C9,Parametros!$A$16:$A$18,0)) -> 100 | L9: =I9*K9 -> 300 | M9: 150 | N9: 148 | O9: =M9-N9 -> 2 | P9: =IFERROR(I9/G9,0) -> 0.92307692 | Q9: =IFERROR(M9/L9,0) -> 0.5 | R9: =IFERROR(N9/M9,0) -> 0.98666667 | S9: =P9*Q9*R9 -> 0.45538462
A10: 46025 | B10: =MONTH($A10) -> 1 | C10: 2 | D10: =INDEX(Parametros!$B$16:$B$18,MATCH($C10,Parametros!$A$16:$A$18,0)) -> E2 - Llenado y tapado | E10: =IF(WEEKDAY($A10,2)<6,Parametros!$B$21,Parametros!$B$22) -> 4 | F10: 1.25 | G10: =E10-F10 -> 2.75 | H10: 1 | I10: =G10-H10 -> 1.75 | J10: Falta de tapas o precintos | K10: =INDEX(Parametros!$C$16:$C$18,MATCH($C10,Parametros!$A$16:$A$18,0)) -> 95 | L10: =I10*K10 -> 166.25 | M10: 148 | N10: 144 | O10: =M10-N10 -> 4 | P10: =IFERROR(I10/G10,0) -> 0.63636364 | Q10: =IFERROR(M10/L10,0) -> 0.89022556 | R10: =IFERROR(N10/M10,0) -> 0.97297297 | S10: =P10*Q10*R10 -> 0.55119617
A11: 46025 | B11: =MONTH($A11) -> 1 | C11: 3 | D11: =INDEX(Parametros!$B$16:$B$18,MATCH($C11,Parametros!$A$16:$A$18,0)) -> E3 - Sellado y etiquetado | E11: =IF(WEEKDAY($A11,2)<6,Parametros!$B$21,Parametros!$B$22) -> 4 | F11: 0.75 | G11: =E11-F11 -> 3.25 | H11: 0.5 | I11: =G11-H11 -> 2.75 | J11: Avería de selladora-etiquetadora | K11: =INDEX(Parametros!$C$16:$C$18,MATCH($C11,Parametros!$A$16:$A$18,0)) -> 95 | L11: =I11*K11 -> 261.25 | M11: 144 | N11: 142 | O11: =M11-N11 -> 2 | P11: =IFERROR(I11/G11,0) -> 0.84615385 | Q11: =IFERROR(M11/L11,0) -> 0.55119617 | R11: =IFERROR(N11/M11,0) -> 0.98611111 | S11: =P11*Q11*R11 -> 0.45991903
A12: 46027 | B12: =MONTH($A12) -> 1 | C12: 1 | D12: =INDEX(Parametros!$B$16:$B$18,MATCH($C12,Parametros!$A$16:$A$18,0)) -> E1 - Lavado y sanitizado de bidones | E12: =IF(WEEKDAY($A12,2)<6,Parametros!$B$21,Parametros!$B$22) -> 6 | F12: 0.5 | G12: =E12-F12 -> 5.5 | H12: 0.75 | I12: =G12-H12 -> 4.75 | J12: Falta de personal | K12: =INDEX(Parametros!$C$16:$C$18,MATCH($C12,Parametros!$A$16:$A$18,0)) -> 100 | L12: =I12*K12 -> 475 | M12: 391 | N12: 386 | O12: =M12-N12 -> 5 | P12: =IFERROR(I12/G12,0) -> 0.86363636 | Q12: =IFERROR(M12/L12,0) -> 0.82315789 | R12: =IFERROR(N12/M12,0) -> 0.98721228 | S12: =P12*Q12*R12 -> 0.70181818
A13: 46027 | B13: =MONTH($A13) -> 1 | C13: 2 | D13: =INDEX(Parametros!$B$16:$B$18,MATCH($C13,Parametros!$A$16:$A$18,0)) -> E2 - Llenado y tapado | E13: =IF(WEEKDAY($A13,2)<6,Parametros!$B$21,Parametros!$B$22) -> 6 | F13: 0.75 | G13: =E13-F13 -> 5.25 | H13: 0 | I13: =G13-H13 -> 5.25 | J13: Sin parada no planificada | K13: =INDEX(Parametros!$C$16:$C$18,MATCH($C13,Parametros!$A$16:$A$18,0)) -> 95 | L13: =I13*K13 -> 498.75 | M13: 386 | N13: 376 | O13: =M13-N13 -> 10 | P13: =IFERROR(I13/G13,0) -> 1 | Q13: =IFERROR(M13/L13,0) -> 0.77393484 | R13: =IFERROR(N13/M13,0) -> 0.97409326 | S13: =P13*Q13*R13 -> 0.75388471
A14: 46027 | B14: =MONTH($A14) -> 1 | C14: 3 | D14: =INDEX(Parametros!$B$16:$B$18,MATCH($C14,Parametros!$A$16:$A$18,0)) -> E3 - Sellado y etiquetado | E14: =IF(WEEKDAY($A14,2)<6,Parametros!$B$21,Parametros!$B$22) -> 6 | F14: 0.25 | G14: =E14-F14 -> 5.75 | H14: 0 | I14: =G14-H14 -> 5.75 | J14: Sin parada no planificada | K14: =INDEX(Parametros!$C$16:$C$18,MATCH($C14,Parametros!$A$16:$A$18,0)) -> 95 | L14: =I14*K14 -> 546.25 | M14: 376 | N14: 373 | O14: =M14-N14 -> 3 | P14: =IFERROR(I14/G14,0) -> 1 | Q14: =IFERROR(M14/L14,0) -> 0.68832952 | R14: =IFERROR(N14/M14,0) -> 0.99202128 | S14: =P14*Q14*R14 -> 0.68283753
A15: 46028 | B15: =MONTH($A15) -> 1 | C15: 1 | D15: =INDEX(Parametros!$B$16:$B$18,MATCH($C15,Parametros!$A$16:$A$18,0)) -> E1 - Lavado y sanitizado de bidones | E15: =IF(WEEKDAY($A15,2)<6,Parametros!$B$21,Parametros!$B$22) -> 6 | F15: 0.5 | G15: =E15-F15 -> 5.5 | H15: 0 | I15: =G15-H15 -> 5.5 | J15: Sin parada no planificada | K15: =INDEX(Parametros!$C$16:$C$18,MATCH($C15,Parametros!$A$16:$A$18,0)) -> 100 | L15: =I15*K15 -> 550 | M15: 283 | N15: 281 | O15: =M15-N15 -> 2 | P15: =IFERROR(I15/G15,0) -> 1 | Q15: =IFERROR(M15/L15,0) -> 0.51454545 | R15: =IFERROR(N15/M15,0) -> 0.99293286 | S15: =P15*Q15*R15 -> 0.51090909
A16: 46028 | B16: =MONTH($A16) -> 1 | C16: 2 | D16: =INDEX(Parametros!$B$16:$B$18,MATCH($C16,Parametros!$A$16:$A$18,0)) -> E2 - Llenado y tapado | E16: =IF(WEEKDAY($A16,2)<6,Parametros!$B$21,Parametros!$B$22) -> 6 | F16: 0.75 | G16: =E16-F16 -> 5.25 | H16: 1.25 | I16: =G16-H16 -> 4 | J16: Avería de llenadora-tapadora | K16: =INDEX(Parametros!$C$16:$C$18,MATCH($C16,Parametros!$A$16:$A$18,0)) -> 95 | L16: =I16*K16 -> 380 | M16: 281 | N16: 274 | O16: =M16-N16 -> 7 | P16: =IFERROR(I16/G16,0) -> 0.76190476 | Q16: =IFERROR(M16/L16,0) -> 0.73947368 | R16: =IFERROR(N16/M16,0) -> 0.97508897 | S16: =P16*Q16*R16 -> 0.54937343
A17: 46028 | B17: =MONTH($A17) -> 1 | C17: 3 | D17: =INDEX(Parametros!$B$16:$B$18,MATCH($C17,Parametros!$A$16:$A$18,0)) -> E3 - Sellado y etiquetado | E17: =IF(WEEKDAY($A17,2)<6,Parametros!$B$21,Parametros!$B$22) -> 6 | F17: 0.25 | G17: =E17-F17 -> 5.75 | H17: 0 | I17: =G17-H17 -> 5.75 | J17: Sin parada no planificada | K17: =INDEX(Parametros!$C$16:$C$18,MATCH($C17,Parametros!$A$16:$A$18,0)) -> 95 | L17: =I17*K17 -> 546.25 | M17: 274 | N17: 272 | O17: =M17-N17 -> 2 | P17: =IFERROR(I17/G17,0) -> 1 | Q17: =IFERROR(M17/L17,0) -> 0.50160183 | R17: =IFERROR(N17/M17,0) -> 0.99270073 | S17: =P17*Q17*R17 -> 0.4979405
... A455: 46203 | B455: =MONTH($A455) -> 6 | C455: 3 | D455: =INDEX(Parametros!$B$16:$B$18,MATCH($C455,Parametros!$A$16:$A$18,0)) -> E3 - Sellado y etiquetado | E455: =IF(WEEKDAY($A455,2)<6,Parametros!$B$21,Parametros!$B$22) -> 6 | F455: 0.5 | G455: =E455-F455 -> 5.5 | H455: 0.5 | I455: =G455-H455 -> 5 | J455: Avería de selladora-etiquetadora | K455: =INDEX(Parametros!$C$16:$C$18,MATCH($C455,Parametros!$A$16:$A$18,0)) -> 95 | L455: =I455*K455 -> 475 | M455: 252 | N455: 248 | O455: =M455-N455 -> 4 | P455: =IFERROR(I455/G455,0) -> 0.90909091 | Q455: =IFERROR(M455/L455,0) -> 0.53052632 | R455: =IFERROR(N455/M455,0) -> 0.98412698 | S455: =P455*Q455*R455 -> 0.47464115
A458: Resumen de control de la simulación (indicadores agregados: razón de totales del periodo)
A459: Métrica | B459: E1 Lavado | C459: E2 Llenado | D459: E3 Sellado | E459: Mínimo esperado | F459: Máximo esperado
A460: OEE | B460: =B461*B462*B463 -> 0.55603934 | C460: =C461*C462*C463 -> 0.60315608 | D460: =D461*D462*D463 -> 0.54253947 | E460: 0.45 | F460: 0.7
A461: Disponibilidad | B461: =IFERROR(SUMIFS($I$6:$I$455,$C$6:$C$455,1)/SUMIFS($G$6:$G$455,$C$6:$C$455,1),0) -> 0.89377049 | C461: =IFERROR(SUMIFS($I$6:$I$455,$C$6:$C$455,2)/SUMIFS($G$6:$G$455,$C$6:$C$455,2),0) -> 0.84612737 | D461: =IFERROR(SUMIFS($I$6:$I$455,$C$6:$C$455,3)/SUMIFS($G$6:$G$455,$C$6:$C$455,3),0) -> 0.9153125 | E461: 0.75 | F461: 0.95
A462: Rendimiento | B462: =IFERROR(SUMIFS($M$6:$M$455,$C$6:$C$455,1)/SUMIFS($L$6:$L$455,$C$6:$C$455,1),0) -> 0.62939105 | C462: =IFERROR(SUMIFS($M$6:$M$455,$C$6:$C$455,2)/SUMIFS($L$6:$L$455,$C$6:$C$455,2),0) -> 0.72627296 | D462: =IFERROR(SUMIFS($M$6:$M$455,$C$6:$C$455,3)/SUMIFS($L$6:$L$455,$C$6:$C$455,3),0) -> 0.59821387 | E462: 0.5 | F462: 0.85
A463: Calidad | B463: =IFERROR(SUMIFS($N$6:$N$455,$C$6:$C$455,1)/SUMIFS($M$6:$M$455,$C$6:$C$455,1),0) -> 0.98845966 | C463: =IFERROR(SUMIFS($N$6:$N$455,$C$6:$C$455,2)/SUMIFS($M$6:$M$455,$C$6:$C$455,2),0) -> 0.98150856 | D463: =IFERROR(SUMIFS($N$6:$N$455,$C$6:$C$455,3)/SUMIFS($M$6:$M$455,$C$6:$C$455,3),0) -> 0.99084443 | E463: 0.96 | F463: 0.995
A464: Bidones procesados en el periodo | B464: =SUMIFS($M$6:$M$455,$C$6:$C$455,1) -> 42893 | C464: =SUMIFS($M$6:$M$455,$C$6:$C$455,2) -> 42398 | D464: =SUMIFS($M$6:$M$455,$C$6:$C$455,3) -> 41614
A466: Verificaciones de integridad
A467: Bidones conformes de E1 = bidones procesados por E2 | D467: =IF(SUMIFS($N$6:$N$455,$C$6:$C$455,1)=SUMIFS($M$6:$M$455,$C$6:$C$455,2),"OK","REVISAR") -> OK
A468: Bidones conformes de E2 = bidones procesados por E3 | D468: =IF(SUMIFS($N$6:$N$455,$C$6:$C$455,2)=SUMIFS($M$6:$M$455,$C$6:$C$455,3),"OK","REVISAR") -> OK
A469: Filas con rendimiento mayor a 100 % (debe ser 0) | D469: =COUNTIF($Q$6:$Q$455,">1") -> 0
A470: Filas con conformes mayores al total procesado (debe ser 0) | D470: =SUMPRODUCT(--($N$6:$N$455>$M$6:$M$455)) -> 0
A471: Filas con tiempo operativo negativo (debe ser 0) | D471: =COUNTIF($I$6:$I$455,"<0") -> 0
A472: Días laborables simulados | D472: =COUNTIF($C$6:$C$455,3) -> 150
A473: Días con paro total de planta (producción cero) | D473: =COUNTIFS($C$6:$C$455,3,$M$6:$M$455,0) -> 3
A474: Bidones conformes entregados en el periodo | D474: =SUMIFS($N$6:$N$455,$C$6:$C$455,3) -> 41233
A475: Litros equivalentes entregados (20 L por bidón) | D475: =SUMIFS($N$6:$N$455,$C$6:$C$455,3)*20 -> 824660
A476: Promedio de bidones conformes por día | D476: =IFERROR(SUMIFS($N$6:$N$455,$C$6:$C$455,3)/COUNTIF($C$6:$C$455,3),0) -> 274.88667

Sheet Parametros
A1: Parámetros y supuestos de la simulación
A2: Las celdas en azul son los parámetros de entrada; la hoja OEE_Diario los referencia con fórmulas. Modificar un parámetro recalcula toda la base.
A4: Ficha de la empresa simulada
A5: Empresa | B5: MYPE peruana de agua de mesa (planta de envasado)
A6: Producto | B6: Bidón retornable de 20 L
A7: Ubicación | B7: Lima, Perú
A8: Personal de planta | B8: 3 operarios (uno por estación) + 1 repartidor
A9: Régimen de trabajo | B9: Un turno diurno, de lunes a sábado
A10: Salida promedio | B10: ≈300 bidones conformes por día (L–V); ≈150 los sábados
A11: Periodo simulado | B11: 01/01/2026 al 30/06/2026
A12: Naturaleza de los datos | B12: Datos sintéticos generados con fines académicos; no provienen de una planta real
A14: Estaciones del proceso (la línea es secuencial: E1 → E2 → E3) | F14: Catálogo de causas de parada no planificada
A15: Estacion_ID | B15: Estacion | C15: Capacidad_Nominal_bidones_h | D15: Tasa_defecto_referencial | F15: Causa
A16: 1 | B16: E1 - Lavado y sanitizado de bidones | C16: 100 | D16: 0.012 | F16: Avería de llenadora-tapadora
A17: 2 | B17: E2 - Llenado y tapado | C17: 95 | D17: 0.018 | F17: Falta de bidones vacíos (retorno de reparto)
A18: 3 | B18: E3 - Sellado y etiquetado | C18: 95 | D18: 0.009 | F18: Espera de proceso (línea detenida)
F19: Avería de lavadora de bidones
A20: Jornada de trabajo | F20: Falta de tapas o precintos
A21: Turno de lunes a viernes (h) | B21: 6 | F21: Avería de selladora-etiquetadora
A22: Turno de sábado (h) | B22: 4 | F22: Ajuste o limpieza correctiva
A23: Domingos y feriados | B23: No se labora; esos días no generan filas en la base | F23: Falta de personal
A24: Parada planificada diaria | B24: Sanitización de arranque y limpieza de cierre (0,25 a 0,75 h según estación) | F24: Corte de suministro de agua
A25: Mantenimiento preventivo | B25: Sábados: cambio de filtros y lámpara UV (+0,25 h de parada planificada) | F25: Corte de energía eléctrica
A26: Criterio de tiempo planificado | B26: Tiempo planificado = turno − parada planificada; la disponibilidad se mide sobre ese tiempo | F26: Sin parada no planificada
A27: Registro de tiempos | B27: Los tiempos se anotan en planilla manual y se redondean a cuartos de hora
F28: La columna J de la hoja OEE_Diario solo admite valores de esta lista.
A29: Rangos esperados de los indicadores agregados (MYPE típica)
A30: Indicador | B30: Mínimo | C30: Máximo | D30: Referencia
A31: OEE | B31: 0.45 | C31: 0.7 | D31: Clase mundial: 85 %. Una MYPE sin gestión de paradas suele ubicarse entre 45 % y 65 %.
A32: Disponibilidad | B32: 0.75 | C32: 0.95 | D32: Averías, esperas de insumos y cortes de servicio.
A33: Rendimiento | B33: 0.5 | C33: 0.85 | D33: Marcha lenta y producción limitada por la demanda del día.
A34: Calidad | B34: 0.96 | C34: 0.995 | D34: Bidones rechazados por fuga, mal sellado o deterioro del envase.
A36: Feriados excluidos del periodo
A37: Fecha | B37: Feriado
A38: 46023 | B38: Año Nuevo
A39: 46114 | B39: Jueves Santo
A40: 46115 | B40: Viernes Santo
A41: 46143 | B41: Día del Trabajo
A42: 46180 | B42: Batalla de Arica y Día de la Bandera
A43: 46202 | B43: San Pedro y San Pablo

Sheet Resumen_Mensual
A1: Resumen mensual de producción y OEE
A2: Los bidones conformes son la salida real de la línea (estación E3). El OEE de cada estación se calcula como razón de totales del mes, no como promedio de porcentajes diarios.
A4: Mes | B4: Mes_Num | C4: Días trabajados | D4: Bidones conformes | E4: Litros equivalentes | F4: Promedio bidones/día | G4: Horas de parada no planificada | H4: OEE E1 | I4: OEE E2 | J4: OEE E3 | K4: OEE promedio línea
A5: Enero | B5: 1 | C5: =COUNTIFS(OEE_Diario!$C$6:$C$455,3,OEE_Diario!$B$6:$B$455,$B5) -> 26 | D5: =SUMIFS(OEE_Diario!$N$6:$N$455,OEE_Diario!$C$6:$C$455,3,OEE_Diario!$B$6:$B$455,$B5) -> 7654 | E5: =D5*20 -> 153080 | F5: =IFERROR(D5/C5,0) -> 294.38462 | G5: =SUMIFS(OEE_Diario!$H$6:$H$455,OEE_Diario!$C$6:$C$455,">0",OEE_Diario!$B$6:$B$455,$B5) -> 43.25 | H5: =IFERROR(SUMIFS(OEE_Diario!$I$6:$I$455,OEE_Diario!$C$6:$C$455,1,OEE_Diario!$B$6:$B$455,$B5)/SUMIFS(OEE_Diario!$G$6:$G$455,OEE_Diario!$C$6:$C$455,1,OEE_Diario!$B$6:$B$455,$B5)*SUMIFS(OEE_Diario!$M$6:$M$455,OEE_Diario!$C$6:$C$455,1,OEE_Diario!$B$6:$B$455,$B5)/SUMIFS(OEE_Diario!$L$6:$L$455,OEE_Diario!$C$6:$C$455,1,OEE_Diario!$B$6:$B$455,$B5)*SUMIFS(OEE_Diario!$N$6:$N$455,OEE_Diario!$C$6:$C$455,1,OEE_Diario!$B$6:$B$455,$B5)/SUMIFS(OEE_Diario!$M$6:$M$455,OEE_Diario!$C$6:$C$455,1,OEE_Diario!$B$6:$B$455,$B5),0) -> 0.59870722 | I5: =IFERROR(SUMIFS(OEE_Diario!$I$6:$I$455,OEE_Diario!$C$6:$C$455,2,OEE_Diario!$B$6:$B$455,$B5)/SUMIFS(OEE_Diario!$G$6:$G$455,OEE_Diario!$C$6:$C$455,2,OEE_Diario!$B$6:$B$455,$B5)*SUMIFS(OEE_Diario!$M$6:$M$455,OEE_Diario!$C$6:$C$455,2,OEE_Diario!$B$6:$B$455,$B5)/SUMIFS(OEE_Diario!$L$6:$L$455,OEE_Diario!$C$6:$C$455,2,OEE_Diario!$B$6:$B$455,$B5)*SUMIFS(OEE_Diario!$N$6:$N$455,OEE_Diario!$C$6:$C$455,2,OEE_Diario!$B$6:$B$455,$B5)/SUMIFS(OEE_Diario!$M$6:$M$455,OEE_Diario!$C$6:$C$455,2,OEE_Diario!$B$6:$B$455,$B5),0) -> 0.65225187 | J5: =IFERROR(SUMIFS(OEE_Diario!$I$6:$I$455,OEE_Diario!$C$6:$C$455,3,OEE_Diario!$B$6:$B$455,$B5)/SUMIFS(OEE_Diario!$G$6:$G$455,OEE_Diario!$C$6:$C$455,3,OEE_Diario!$B$6:$B$455,$B5)*SUMIFS(OEE_Diario!$M$6:$M$455,OEE_Diario!$C$6:$C$455,3,OEE_Diario!$B$6:$B$455,$B5)/SUMIFS(OEE_Diario!$L$6:$L$455,OEE_Diario!$C$6:$C$455,3,OEE_Diario!$B$6:$B$455,$B5)*SUMIFS(OEE_Diario!$N$6:$N$455,OEE_Diario!$C$6:$C$455,3,OEE_Diario!$B$6:$B$455,$B5)/SUMIFS(OEE_Diario!$M$6:$M$455,OEE_Diario!$C$6:$C$455,3,OEE_Diario!$B$6:$B$455,$B5),0) -> 0.58701946 | K5: =AVERAGE(H5:J5) -> 0.61265952
A6: Febrero | B6: 2 | C6: =COUNTIFS(OEE_Diario!$C$6:$C$455,3,OEE_Diario!$B$6:$B$455,$B6) -> 24 | D6: =SUMIFS(OEE_Diario!$N$6:$N$455,OEE_Diario!$C$6:$C$455,3,OEE_Diario!$B$6:$B$455,$B6) -> 6868 | E6: =D6*20 -> 137360 | F6: =IFERROR(D6/C6,0) -> 286.16667 | G6: =SUMIFS(OEE_Diario!$H$6:$H$455,OEE_Diario!$C$6:$C$455,">0",OEE_Diario!$B$6:$B$455,$B6) -> 59.5 | H6: =IFERROR(SUMIFS(OEE_Diario!$I$6:$I$455,OEE_Diario!$C$6:$C$455,1,OEE_Diario!$B$6:$B$455,$B6)/SUMIFS(OEE_Diario!$G$6:$G$455,OEE_Diario!$C$6:$C$455,1,OEE_Diario!$B$6:$B$455,$B6)*SUMIFS(OEE_Diario!$M$6:$M$455,OEE_Diario!$C$6:$C$455,1,OEE_Diario!$B$6:$B$455,$B6)/SUMIFS(OEE_Diario!$L$6:$L$455,OEE_Diario!$C$6:$C$455,1,OEE_Diario!$B$6:$B$455,$B6)*SUMIFS(OEE_Diario!$N$6:$N$455,OEE_Diario!$C$6:$C$455,1,OEE_Diario!$B$6:$B$455,$B6)/SUMIFS(OEE_Diario!$M$6:$M$455,OEE_Diario!$C$6:$C$455,1,OEE_Diario!$B$6:$B$455,$B6),0) -> 0.57901639 | I6: =IFERROR(SUMIFS(OEE_Diario!$I$6:$I$455,OEE_Diario!$C$6:$C$455,2,OEE_Diario!$B$6:$B$455,$B6)/SUMIFS(OEE_Diario!$G$6:$G$455,OEE_Diario!$C$6:$C$455,2,OEE_Diario!$B$6:$B$455,$B6)*SUMIFS(OEE_Diario!$M$6:$M$455,OEE_Diario!$C$6:$C$455,2,OEE_Diario!$B$6:$B$455,$B6)/SUMIFS(OEE_Diario!$L$6:$L$455,OEE_Diario!$C$6:$C$455,2,OEE_Diario!$B$6:$B$455,$B6)*SUMIFS(OEE_Diario!$N$6:$N$455,OEE_Diario!$C$6:$C$455,2,OEE_Diario!$B$6:$B$455,$B6)/SUMIFS(OEE_Diario!$M$6:$M$455,OEE_Diario!$C$6:$C$455,2,OEE_Diario!$B$6:$B$455,$B6),0) -> 0.62777589 | J6: =IFERROR(SUMIFS(OEE_Diario!$I$6:$I$455,OEE_Diario!$C$6:$C$455,3,OEE_Diario!$B$6:$B$455,$B6)/SUMIFS(OEE_Diario!$G$6:$G$455,OEE_Diario!$C$6:$C$455,3,OEE_Diario!$B$6:$B$455,$B6)*SUMIFS(OEE_Diario!$M$6:$M$455,OEE_Diario!$C$6:$C$455,3,OEE_Diario!$B$6:$B$455,$B6)/SUMIFS(OEE_Diario!$L$6:$L$455,OEE_Diario!$C$6:$C$455,3,OEE_Diario!$B$6:$B$455,$B6)*SUMIFS(OEE_Diario!$N$6:$N$455,OEE_Diario!$C$6:$C$455,3,OEE_Diario!$B$6:$B$455,$B6)/SUMIFS(OEE_Diario!$M$6:$M$455,OEE_Diario!$C$6:$C$455,3,OEE_Diario!$B$6:$B$455,$B6),0) -> 0.56151252 | K6: =AVERAGE(H6:J6) -> 0.58943493
A7: Marzo | B7: 3 | C7: =COUNTIFS(OEE_Diario!$C$6:$C$455,3,OEE_Diario!$B$6:$B$455,$B7) -> 26 | D7: =SUMIFS(OEE_Diario!$N$6:$N$455,OEE_Diario!$C$6:$C$455,3,OEE_Diario!$B$6:$B$455,$B7) -> 7352 | E7: =D7*20 -> 147040 | F7: =IFERROR(D7/C7,0) -> 282.76923 | G7: =SUMIFS(OEE_Diario!$H$6:$H$455,OEE_Diario!$C$6:$C$455,">0",OEE_Diario!$B$6:$B$455,$B7) -> 53.75 | H7: =IFERROR(SUMIFS(OEE_Diario!$I$6:$I$455,OEE_Diario!$C$6:$C$455,1,OEE_Diario!$B$6:$B$455,$B7)/SUMIFS(OEE_Diario!$G$6:$G$455,OEE_Diario!$C$6:$C$455,1,OEE_Diario!$B$6:$B$455,$B7)*SUMIFS(OEE_Diario!$M$6:$M$455,OEE_Diario!$C$6:$C$455,1,OEE_Diario!$B$6:$B$455,$B7)/SUMIFS(OEE_Diario!$L$6:$L$455,OEE_Diario!$C$6:$C$455,1,OEE_Diario!$B$6:$B$455,$B7)*SUMIFS(OEE_Diario!$N$6:$N$455,OEE_Diario!$C$6:$C$455,1,OEE_Diario!$B$6:$B$455,$B7)/SUMIFS(OEE_Diario!$M$6:$M$455,OEE_Diario!$C$6:$C$455,1,OEE_Diario!$B$6:$B$455,$B7),0) -> 0.56523364 | I7: =IFERROR(SUMIFS(OEE_Diario!$I$6:$I$455,OEE_Diario!$C$6:$C$455,2,OEE_Diario!$B$6:$B$455,$B7)/SUMIFS(OEE_Diario!$G$6:$G$455,OEE_Diario!$C$6:$C$455,2,OEE_Diario!$B$6:$B$455,$B7)*SUMIFS(OEE_Diario!$M$6:$M$455,OEE_Diario!$C$6:$C$455,2,OEE_Diario!$B$6:$B$455,$B7)/SUMIFS(OEE_Diario!$L$6:$L$455,OEE_Diario!$C$6:$C$455,2,OEE_Diario!$B$6:$B$455,$B7)*SUMIFS(OEE_Diario!$N$6:$N$455,OEE_Diario!$C$6:$C$455,2,OEE_Diario!$B$6:$B$455,$B7)/SUMIFS(OEE_Diario!$M$6:$M$455,OEE_Diario!$C$6:$C$455,2,OEE_Diario!$B$6:$B$455,$B7),0) -> 0.61638119 | J7: =IFERROR(SUMIFS(OEE_Diario!$I$6:$I$455,OEE_Diario!$C$6:$C$455,3,OEE_Diario!$B$6:$B$455,$B7)/SUMIFS(OEE_Diario!$G$6:$G$455,OEE_Diario!$C$6:$C$455,3,OEE_Diario!$B$6:$B$455,$B7)*SUMIFS(OEE_Diario!$M$6:$M$455,OEE_Diario!$C$6:$C$455,3,OEE_Diario!$B$6:$B$455,$B7)/SUMIFS(OEE_Diario!$L$6:$L$455,OEE_Diario!$C$6:$C$455,3,OEE_Diario!$B$6:$B$455,$B7)*SUMIFS(OEE_Diario!$N$6:$N$455,OEE_Diario!$C$6:$C$455,3,OEE_Diario!$B$6:$B$455,$B7)/SUMIFS(OEE_Diario!$M$6:$M$455,OEE_Diario!$C$6:$C$455,3,OEE_Diario!$B$6:$B$455,$B7),0) -> 0.5517966 | K7: =AVERAGE(H7:J7) -> 0.57780381
A8: Abril | B8: 4 | C8: =COUNTIFS(OEE_Diario!$C$6:$C$455,3,OEE_Diario!$B$6:$B$455,$B8) -> 24 | D8: =SUMIFS(OEE_Diario!$N$6:$N$455,OEE_Diario!$C$6:$C$455,3,OEE_Diario!$B$6:$B$455,$B8) -> 6994 | E8: =D8*20 -> 139880 | F8: =IFERROR(D8/C8,0) -> 291.41667 | G8: =SUMIFS(OEE_Diario!$H$6:$H$455,OEE_Diario!$C$6:$C$455,">0",OEE_Diario!$B$6:$B$455,$B8) -> 20.5 | H8: =IFERROR(SUMIFS(OEE_Diario!$I$6:$I$455,OEE_Diario!$C$6:$C$455,1,OEE_Diario!$B$6:$B$455,$B8)/SUMIFS(OEE_Diario!$G$6:$G$455,OEE_Diario!$C$6:$C$455,1,OEE_Diario!$B$6:$B$455,$B8)*SUMIFS(OEE_Diario!$M$6:$M$455,OEE_Diario!$C$6:$C$455,1,OEE_Diario!$B$6:$B$455,$B8)/SUMIFS(OEE_Diario!$L$6:$L$455,OEE_Diario!$C$6:$C$455,1,OEE_Diario!$B$6:$B$455,$B8)*SUMIFS(OEE_Diario!$N$6:$N$455,OEE_Diario!$C$6:$C$455,1,OEE_Diario!$B$6:$B$455,$B8)/SUMIFS(OEE_Diario!$M$6:$M$455,OEE_Diario!$C$6:$C$455,1,OEE_Diario!$B$6:$B$455,$B8),0) -> 0.58852459 | I8: =IFERROR(SUMIFS(OEE_Diario!$I$6:$I$455,OEE_Diario!$C$6:$C$455,2,OEE_Diario!$B$6:$B$455,$B8)/SUMIFS(OEE_Diario!$G$6:$G$455,OEE_Diario!$C$6:$C$455,2,OEE_Diario!$B$6:$B$455,$B8)*SUMIFS(OEE_Diario!$M$6:$M$455,OEE_Diario!$C$6:$C$455,2,OEE_Diario!$B$6:$B$455,$B8)/SUMIFS(OEE_Diario!$L$6:$L$455,OEE_Diario!$C$6:$C$455,2,OEE_Diario!$B$6:$B$455,$B8)*SUMIFS(OEE_Diario!$N$6:$N$455,OEE_Diario!$C$6:$C$455,2,OEE_Diario!$B$6:$B$455,$B8)/SUMIFS(OEE_Diario!$M$6:$M$455,OEE_Diario!$C$6:$C$455,2,OEE_Diario!$B$6:$B$455,$B8),0) -> 0.6364581 | J8: =IFERROR(SUMIFS(OEE_Diario!$I$6:$I$455,OEE_Diario!$C$6:$C$455,3,OEE_Diario!$B$6:$B$455,$B8)/SUMIFS(OEE_Diario!$G$6:$G$455,OEE_Diario!$C$6:$C$455,3,OEE_Diario!$B$6:$B$455,$B8)*SUMIFS(OEE_Diario!$M$6:$M$455,OEE_Diario!$C$6:$C$455,3,OEE_Diario!$B$6:$B$455,$B8)/SUMIFS(OEE_Diario!$L$6:$L$455,OEE_Diario!$C$6:$C$455,3,OEE_Diario!$B$6:$B$455,$B8)*SUMIFS(OEE_Diario!$N$6:$N$455,OEE_Diario!$C$6:$C$455,3,OEE_Diario!$B$6:$B$455,$B8)/SUMIFS(OEE_Diario!$M$6:$M$455,OEE_Diario!$C$6:$C$455,3,OEE_Diario!$B$6:$B$455,$B8),0) -> 0.57516447 | K8: =AVERAGE(H8:J8) -> 0.60004905
A9: Mayo | B9: 5 | C9: =COUNTIFS(OEE_Diario!$C$6:$C$455,3,OEE_Diario!$B$6:$B$455,$B9) -> 25 | D9: =SUMIFS(OEE_Diario!$N$6:$N$455,OEE_Diario!$C$6:$C$455,3,OEE_Diario!$B$6:$B$455,$B9) -> 6196 | E9: =D9*20 -> 123920 | F9: =IFERROR(D9/C9,0) -> 247.84 | G9: =SUMIFS(OEE_Diario!$H$6:$H$455,OEE_Diario!$C$6:$C$455,">0",OEE_Diario!$B$6:$B$455,$B9) -> 44 | H9: =IFERROR(SUMIFS(OEE_Diario!$I$6:$I$455,OEE_Diario!$C$6:$C$455,1,OEE_Diario!$B$6:$B$455,$B9)/SUMIFS(OEE_Diario!$G$6:$G$455,OEE_Diario!$C$6:$C$455,1,OEE_Diario!$B$6:$B$455,$B9)*SUMIFS(OEE_Diario!$M$6:$M$455,OEE_Diario!$C$6:$C$455,1,OEE_Diario!$B$6:$B$455,$B9)/SUMIFS(OEE_Diario!$L$6:$L$455,OEE_Diario!$C$6:$C$455,1,OEE_Diario!$B$6:$B$455,$B9)*SUMIFS(OEE_Diario!$N$6:$N$455,OEE_Diario!$C$6:$C$455,1,OEE_Diario!$B$6:$B$455,$B9)/SUMIFS(OEE_Diario!$M$6:$M$455,OEE_Diario!$C$6:$C$455,1,OEE_Diario!$B$6:$B$455,$B9),0) -> 0.50772908 | I9: =IFERROR(SUMIFS(OEE_Diario!$I$6:$I$455,OEE_Diario!$C$6:$C$455,2,OEE_Diario!$B$6:$B$455,$B9)/SUMIFS(OEE_Diario!$G$6:$G$455,OEE_Diario!$C$6:$C$455,2,OEE_Diario!$B$6:$B$455,$B9)*SUMIFS(OEE_Diario!$M$6:$M$455,OEE_Diario!$C$6:$C$455,2,OEE_Diario!$B$6:$B$455,$B9)/SUMIFS(OEE_Diario!$L$6:$L$455,OEE_Diario!$C$6:$C$455,2,OEE_Diario!$B$6:$B$455,$B9)*SUMIFS(OEE_Diario!$N$6:$N$455,OEE_Diario!$C$6:$C$455,2,OEE_Diario!$B$6:$B$455,$B9)/SUMIFS(OEE_Diario!$M$6:$M$455,OEE_Diario!$C$6:$C$455,2,OEE_Diario!$B$6:$B$455,$B9),0) -> 0.54965388 | J9: =IFERROR(SUMIFS(OEE_Diario!$I$6:$I$455,OEE_Diario!$C$6:$C$455,3,OEE_Diario!$B$6:$B$455,$B9)/SUMIFS(OEE_Diario!$G$6:$G$455,OEE_Diario!$C$6:$C$455,3,OEE_Diario!$B$6:$B$455,$B9)*SUMIFS(OEE_Diario!$M$6:$M$455,OEE_Diario!$C$6:$C$455,3,OEE_Diario!$B$6:$B$455,$B9)/SUMIFS(OEE_Diario!$L$6:$L$455,OEE_Diario!$C$6:$C$455,3,OEE_Diario!$B$6:$B$455,$B9)*SUMIFS(OEE_Diario!$N$6:$N$455,OEE_Diario!$C$6:$C$455,3,OEE_Diario!$B$6:$B$455,$B9)/SUMIFS(OEE_Diario!$M$6:$M$455,OEE_Diario!$C$6:$C$455,3,OEE_Diario!$B$6:$B$455,$B9),0) -> 0.49409888 | K9: =AVERAGE(H9:J9) -> 0.51716062
A10: Junio | B10: 6 | C10: =COUNTIFS(OEE_Diario!$C$6:$C$455,3,OEE_Diario!$B$6:$B$455,$B10) -> 25 | D10: =SUMIFS(OEE_Diario!$N$6:$N$455,OEE_Diario!$C$6:$C$455,3,OEE_Diario!$B$6:$B$455,$B10) -> 6169 | E10: =D10*20 -> 123380 | F10: =IFERROR(D10/C10,0) -> 246.76 | G10: =SUMIFS(OEE_Diario!$H$6:$H$455,OEE_Diario!$C$6:$C$455,">0",OEE_Diario!$B$6:$B$455,$B10) -> 39.5 | H10: =IFERROR(SUMIFS(OEE_Diario!$I$6:$I$455,OEE_Diario!$C$6:$C$455,1,OEE_Diario!$B$6:$B$455,$B10)/SUMIFS(OEE_Diario!$G$6:$G$455,OEE_Diario!$C$6:$C$455,1,OEE_Diario!$B$6:$B$455,$B10)*SUMIFS(OEE_Diario!$M$6:$M$455,OEE_Diario!$C$6:$C$455,1,OEE_Diario!$B$6:$B$455,$B10)/SUMIFS(OEE_Diario!$L$6:$L$455,OEE_Diario!$C$6:$C$455,1,OEE_Diario!$B$6:$B$455,$B10)*SUMIFS(OEE_Diario!$N$6:$N$455,OEE_Diario!$C$6:$C$455,1,OEE_Diario!$B$6:$B$455,$B10)/SUMIFS(OEE_Diario!$M$6:$M$455,OEE_Diario!$C$6:$C$455,1,OEE_Diario!$B$6:$B$455,$B10),0) -> 0.4969863 | I10: =IFERROR(SUMIFS(OEE_Diario!$I$6:$I$455,OEE_Diario!$C$6:$C$455,2,OEE_Diario!$B$6:$B$455,$B10)/SUMIFS(OEE_Diario!$G$6:$G$455,OEE_Diario!$C$6:$C$455,2,OEE_Diario!$B$6:$B$455,$B10)*SUMIFS(OEE_Diario!$M$6:$M$455,OEE_Diario!$C$6:$C$455,2,OEE_Diario!$B$6:$B$455,$B10)/SUMIFS(OEE_Diario!$L$6:$L$455,OEE_Diario!$C$6:$C$455,2,OEE_Diario!$B$6:$B$455,$B10)*SUMIFS(OEE_Diario!$N$6:$N$455,OEE_Diario!$C$6:$C$455,2,OEE_Diario!$B$6:$B$455,$B10)/SUMIFS(OEE_Diario!$M$6:$M$455,OEE_Diario!$C$6:$C$455,2,OEE_Diario!$B$6:$B$455,$B10),0) -> 0.53660532 | J10: =IFERROR(SUMIFS(OEE_Diario!$I$6:$I$455,OEE_Diario!$C$6:$C$455,3,OEE_Diario!$B$6:$B$455,$B10)/SUMIFS(OEE_Diario!$G$6:$G$455,OEE_Diario!$C$6:$C$455,3,OEE_Diario!$B$6:$B$455,$B10)*SUMIFS(OEE_Diario!$M$6:$M$455,OEE_Diario!$C$6:$C$455,3,OEE_Diario!$B$6:$B$455,$B10)/SUMIFS(OEE_Diario!$L$6:$L$455,OEE_Diario!$C$6:$C$455,3,OEE_Diario!$B$6:$B$455,$B10)*SUMIFS(OEE_Diario!$N$6:$N$455,OEE_Diario!$C$6:$C$455,3,OEE_Diario!$B$6:$B$455,$B10)/SUMIFS(OEE_Diario!$M$6:$M$455,OEE_Diario!$C$6:$C$455,3,OEE_Diario!$B$6:$B$455,$B10),0) -> 0.4855091 | K10: =AVERAGE(H10:J10) -> 0.50636691
A11: Total / periodo | C11: =SUM(C5:C10) -> 150 | D11: =SUM(D5:D10) -> 41233 | E11: =SUM(E5:E10) -> 824660 | F11: =IFERROR(D11/C11,0) -> 274.88667 | G11: =SUM(G5:G10) -> 260.5 | H11: =IFERROR(SUMIFS(OEE_Diario!$I$6:$I$455,OEE_Diario!$C$6:$C$455,1)/SUMIFS(OEE_Diario!$G$6:$G$455,OEE_Diario!$C$6:$C$455,1)*SUMIFS(OEE_Diario!$M$6:$M$455,OEE_Diario!$C$6:$C$455,1)/SUMIFS(OEE_Diario!$L$6:$L$455,OEE_Diario!$C$6:$C$455,1)*SUMIFS(OEE_Diario!$N$6:$N$455,OEE_Diario!$C$6:$C$455,1)/SUMIFS(OEE_Diario!$M$6:$M$455,OEE_Diario!$C$6:$C$455,1),0) -> 0.55603934 | I11: =IFERROR(SUMIFS(OEE_Diario!$I$6:$I$455,OEE_Diario!$C$6:$C$455,2)/SUMIFS(OEE_Diario!$G$6:$G$455,OEE_Diario!$C$6:$C$455,2)*SUMIFS(OEE_Diario!$M$6:$M$455,OEE_Diario!$C$6:$C$455,2)/SUMIFS(OEE_Diario!$L$6:$L$455,OEE_Diario!$C$6:$C$455,2)*SUMIFS(OEE_Diario!$N$6:$N$455,OEE_Diario!$C$6:$C$455,2)/SUMIFS(OEE_Diario!$M$6:$M$455,OEE_Diario!$C$6:$C$455,2),0) -> 0.60315608 | J11: =IFERROR(SUMIFS(OEE_Diario!$I$6:$I$455,OEE_Diario!$C$6:$C$455,3)/SUMIFS(OEE_Diario!$G$6:$G$455,OEE_Diario!$C$6:$C$455,3)*SUMIFS(OEE_Diario!$M$6:$M$455,OEE_Diario!$C$6:$C$455,3)/SUMIFS(OEE_Diario!$L$6:$L$455,OEE_Diario!$C$6:$C$455,3)*SUMIFS(OEE_Diario!$N$6:$N$455,OEE_Diario!$C$6:$C$455,3)/SUMIFS(OEE_Diario!$M$6:$M$455,OEE_Diario!$C$6:$C$455,3),0) -> 0.54253947 | K11: =AVERAGE(H11:J11) -> 0.56724497
A12: El promedio de bidones por día incluye los sábados, que trabajan una jornada de 4 h; de lunes a viernes el promedio del periodo es de aproximadamente 300 bidones conformes.

Sheet Pareto_Paradas
A1: Pareto de paradas no planificadas
A2: Horas perdidas por causa en el periodo completo, ordenadas de mayor a menor. Es la base para priorizar las acciones de mejora sobre las pérdidas de disponibilidad.
A4: Causa | B4: Horas de parada | C4: N° de eventos | D4: % del total | E4: % acumulado
A5: Avería de llenadora-tapadora | B5: =SUMIFS(OEE_Diario!$H$6:$H$455,OEE_Diario!$J$6:$J$455,$A5) -> 59.5 | C5: =COUNTIFS(OEE_Diario!$J$6:$J$455,$A5,OEE_Diario!$H$6:$H$455,">0") -> 59 | D5: =IFERROR(B5/$B$15,0) -> 0.22840691 | E5: =SUM($D$5:D5) -> 0.22840691
A6: Ajuste o limpieza correctiva | B6: =SUMIFS(OEE_Diario!$H$6:$H$455,OEE_Diario!$J$6:$J$455,$A6) -> 38 | C6: =COUNTIFS(OEE_Diario!$J$6:$J$455,$A6,OEE_Diario!$H$6:$H$455,">0") -> 52 | D6: =IFERROR(B6/$B$15,0) -> 0.14587332 | E6: =SUM($D$5:D6) -> 0.37428023
A7: Espera de proceso (línea detenida) | B7: =SUMIFS(OEE_Diario!$H$6:$H$455,OEE_Diario!$J$6:$J$455,$A7) -> 35.75 | C7: =COUNTIFS(OEE_Diario!$J$6:$J$455,$A7,OEE_Diario!$H$6:$H$455,">0") -> 20 | D7: =IFERROR(B7/$B$15,0) -> 0.13723608 | E7: =SUM($D$5:D7) -> 0.51151631
A8: Falta de tapas o precintos | B8: =SUMIFS(OEE_Diario!$H$6:$H$455,OEE_Diario!$J$6:$J$455,$A8) -> 30.5 | C8: =COUNTIFS(OEE_Diario!$J$6:$J$455,$A8,OEE_Diario!$H$6:$H$455,">0") -> 49 | D8: =IFERROR(B8/$B$15,0) -> 0.11708253 | E8: =SUM($D$5:D8) -> 0.62859885
A9: Falta de bidones vacíos (retorno de reparto) | B9: =SUMIFS(OEE_Diario!$H$6:$H$455,OEE_Diario!$J$6:$J$455,$A9) -> 23.5 | C9: =COUNTIFS(OEE_Diario!$J$6:$J$455,$A9,OEE_Diario!$H$6:$H$455,">0") -> 33 | D9: =IFERROR(B9/$B$15,0) -> 0.090211132 | E9: =SUM($D$5:D9) -> 0.71880998
A10: Avería de selladora-etiquetadora | B10: =SUMIFS(OEE_Diario!$H$6:$H$455,OEE_Diario!$J$6:$J$455,$A10) -> 19.25 | C10: =COUNTIFS(OEE_Diario!$J$6:$J$455,$A10,OEE_Diario!$H$6:$H$455,">0") -> 20 | D10: =IFERROR(B10/$B$15,0) -> 0.073896353 | E10: =SUM($D$5:D10) -> 0.79270633
A11: Falta de personal | B11: =SUMIFS(OEE_Diario!$H$6:$H$455,OEE_Diario!$J$6:$J$455,$A11) -> 18 | C11: =COUNTIFS(OEE_Diario!$J$6:$J$455,$A11,OEE_Diario!$H$6:$H$455,">0") -> 27 | D11: =IFERROR(B11/$B$15,0) -> 0.069097889 | E11: =SUM($D$5:D11) -> 0.86180422
A12: Corte de energía eléctrica | B12: =SUMIFS(OEE_Diario!$H$6:$H$455,OEE_Diario!$J$6:$J$455,$A12) -> 16 | C12: =COUNTIFS(OEE_Diario!$J$6:$J$455,$A12,OEE_Diario!$H$6:$H$455,">0") -> 3 | D12: =IFERROR(B12/$B$15,0) -> 0.061420345 | E12: =SUM($D$5:D12) -> 0.92322457
A13: Avería de lavadora de bidones | B13: =SUMIFS(OEE_Diario!$H$6:$H$455,OEE_Diario!$J$6:$J$455,$A13) -> 10.25 | C13: =COUNTIFS(OEE_Diario!$J$6:$J$455,$A13,OEE_Diario!$H$6:$H$455,">0") -> 16 | D13: =IFERROR(B13/$B$15,0) -> 0.039347409 | E13: =SUM($D$5:D13) -> 0.96257198
A14: Corte de suministro de agua | B14: =SUMIFS(OEE_Diario!$H$6:$H$455,OEE_Diario!$J$6:$J$455,$A14) -> 9.75 | C14: =COUNTIFS(OEE_Diario!$J$6:$J$455,$A14,OEE_Diario!$H$6:$H$455,">0") -> 3 | D14: =IFERROR(B14/$B$15,0) -> 0.037428023 | E14: =SUM($D$5:D14) -> 1
A15: Total | B15: =SUM(B5:B14) -> 260.5 | C15: =SUM(C5:C14) -> 282 | D15: =SUM(D5:D14) -> 1
A40: Horas de parada no planificada por causa y estación
A41: Causa | B41: E1 Lavado | C41: E2 Llenado | D41: E3 Sellado
A42: Avería de llenadora-tapadora | B42: =SUMIFS(OEE_Diario!$H$6:$H$455,OEE_Diario!$J$6:$J$455,$A42,OEE_Diario!$C$6:$C$455,1) -> 0 | C42: =SUMIFS(OEE_Diario!$H$6:$H$455,OEE_Diario!$J$6:$J$455,$A42,OEE_Diario!$C$6:$C$455,2) -> 59.5 | D42: =SUMIFS(OEE_Diario!$H$6:$H$455,OEE_Diario!$J$6:$J$455,$A42,OEE_Diario!$C$6:$C$455,3) -> 0
A43: Ajuste o limpieza correctiva | B43: =SUMIFS(OEE_Diario!$H$6:$H$455,OEE_Diario!$J$6:$J$455,$A43,OEE_Diario!$C$6:$C$455,1) -> 15.75 | C43: =SUMIFS(OEE_Diario!$H$6:$H$455,OEE_Diario!$J$6:$J$455,$A43,OEE_Diario!$C$6:$C$455,2) -> 13 | D43: =SUMIFS(OEE_Diario!$H$6:$H$455,OEE_Diario!$J$6:$J$455,$A43,OEE_Diario!$C$6:$C$455,3) -> 9.25
A44: Espera de proceso (línea detenida) | B44: =SUMIFS(OEE_Diario!$H$6:$H$455,OEE_Diario!$J$6:$J$455,$A44,OEE_Diario!$C$6:$C$455,1) -> 18.5 | C44: =SUMIFS(OEE_Diario!$H$6:$H$455,OEE_Diario!$J$6:$J$455,$A44,OEE_Diario!$C$6:$C$455,2) -> 3.25 | D44: =SUMIFS(OEE_Diario!$H$6:$H$455,OEE_Diario!$J$6:$J$455,$A44,OEE_Diario!$C$6:$C$455,3) -> 14
A45: Falta de tapas o precintos | B45: =SUMIFS(OEE_Diario!$H$6:$H$455,OEE_Diario!$J$6:$J$455,$A45,OEE_Diario!$C$6:$C$455,1) -> 0 | C45: =SUMIFS(OEE_Diario!$H$6:$H$455,OEE_Diario!$J$6:$J$455,$A45,OEE_Diario!$C$6:$C$455,2) -> 19 | D45: =SUMIFS(OEE_Diario!$H$6:$H$455,OEE_Diario!$J$6:$J$455,$A45,OEE_Diario!$C$6:$C$455,3) -> 11.5
A46: Falta de bidones vacíos (retorno de reparto) | B46: =SUMIFS(OEE_Diario!$H$6:$H$455,OEE_Diario!$J$6:$J$455,$A46,OEE_Diario!$C$6:$C$455,1) -> 23.5 | C46: =SUMIFS(OEE_Diario!$H$6:$H$455,OEE_Diario!$J$6:$J$455,$A46,OEE_Diario!$C$6:$C$455,2) -> 0 | D46: =SUMIFS(OEE_Diario!$H$6:$H$455,OEE_Diario!$J$6:$J$455,$A46,OEE_Diario!$C$6:$C$455,3) -> 0
A47: Avería de selladora-etiquetadora | B47: =SUMIFS(OEE_Diario!$H$6:$H$455,OEE_Diario!$J$6:$J$455,$A47,OEE_Diario!$C$6:$C$455,1) -> 0 | C47: =SUMIFS(OEE_Diario!$H$6:$H$455,OEE_Diario!$J$6:$J$455,$A47,OEE_Diario!$C$6:$C$455,2) -> 0 | D47: =SUMIFS(OEE_Diario!$H$6:$H$455,OEE_Diario!$J$6:$J$455,$A47,OEE_Diario!$C$6:$C$455,3) -> 19.25
A48: Falta de personal | B48: =SUMIFS(OEE_Diario!$H$6:$H$455,OEE_Diario!$J$6:$J$455,$A48,OEE_Diario!$C$6:$C$455,1) -> 4.5 | C48: =SUMIFS(OEE_Diario!$H$6:$H$455,OEE_Diario!$J$6:$J$455,$A48,OEE_Diario!$C$6:$C$455,2) -> 9 | D48: =SUMIFS(OEE_Diario!$H$6:$H$455,OEE_Diario!$J$6:$J$455,$A48,OEE_Diario!$C$6:$C$455,3) -> 4.5
A49: Corte de energía eléctrica | B49: =SUMIFS(OEE_Diario!$H$6:$H$455,OEE_Diario!$J$6:$J$455,$A49,OEE_Diario!$C$6:$C$455,1) -> 5.25 | C49: =SUMIFS(OEE_Diario!$H$6:$H$455,OEE_Diario!$J$6:$J$455,$A49,OEE_Diario!$C$6:$C$455,2) -> 5 | D49: =SUMIFS(OEE_Diario!$H$6:$H$455,OEE_Diario!$J$6:$J$455,$A49,OEE_Diario!$C$6:$C$455,3) -> 5.75
A50: Avería de lavadora de bidones | B50: =SUMIFS(OEE_Diario!$H$6:$H$455,OEE_Diario!$J$6:$J$455,$A50,OEE_Diario!$C$6:$C$455,1) -> 10.25 | C50: =SUMIFS(OEE_Diario!$H$6:$H$455,OEE_Diario!$J$6:$J$455,$A50,OEE_Diario!$C$6:$C$455,2) -> 0 | D50: =SUMIFS(OEE_Diario!$H$6:$H$455,OEE_Diario!$J$6:$J$455,$A50,OEE_Diario!$C$6:$C$455,3) -> 0
A51: Corte de suministro de agua | B51: =SUMIFS(OEE_Diario!$H$6:$H$455,OEE_Diario!$J$6:$J$455,$A51,OEE_Diario!$C$6:$C$455,1) -> 3.25 | C51: =SUMIFS(OEE_Diario!$H$6:$H$455,OEE_Diario!$J$6:$J$455,$A51,OEE_Diario!$C$6:$C$455,2) -> 3 | D51: =SUMIFS(OEE_Diario!$H$6:$H$455,OEE_Diario!$J$6:$J$455,$A51,OEE_Diario!$C$6:$C$455,3) -> 3.5
